MSE,RMSE,R2,SMAPE
18904.435037261443,137.49339997709507,0.9839255186204465,28.43889101186015
