MSE,RMSE,R2,SMAPE
113882.9296875,337.4654496204019,0.9031651020050049,127.70493
