MSE,RMSE,R2,SMAPE
1134716.4311546597,1065.230693866197,0.03514820158776477,193.2569755442014
