MSE,RMSE,R2,SMAPE
157494.203125,396.8553932164712,0.8660823106765747,149.76569838935265
